[
  {"id": 1,
  "name": "Iphone 13 pro max",
  "price": 2300000,
  "image": "https://res.cloudinary.com/dco0ptusf/image/upload/v1729844979/iPhone-17-Air-1-232x232_ehugtn.jpg",
  "category_id": 1},
  {"id": 1,
  "name": "Iphone 15 pro max",
  "price": 2300000,
  "image": "https://res.cloudinary.com/dco0ptusf/image/upload/v1729844979/iPhone-17-Air-1-232x232_ehugtn.jpg",
  "category_id": 1},
  {"id": 1,
  "name": "Samsung galaxy Note 24 ",
  "price": 2300000,
  "image": "https://res.cloudinary.com/dco0ptusf/image/upload/v1729844979/iPhone-17-Air-1-232x232_ehugtn.jpg",
  "category_id": 1}
]